{
  "NTProvider": {
    "types": {
      "/FMSInfo": "FMSInfo",
      "/LiveWindow/Ungrouped/DifferentialDrive[1]": "DifferentialDrive",
      "/LiveWindow/Ungrouped/DifferentialDrive[2]": "DifferentialDrive",
      "/LiveWindow/Ungrouped/Scheduler": "Scheduler",
      "/LiveWindow/Ungrouped/Victor SPX [4]": "Motor Controller",
      "/LiveWindow/Ungrouped/Victor SPX [5]": "Motor Controller",
      "/LiveWindow/Ungrouped/Victor SPX [6]": "Motor Controller",
      "/SmartDashboard/Auto choices": "String Chooser"
    }
  }
}
